threads,total_time,phase1_time,phase2_time
1,0.005964,0.005964,0.000000
2,0.006379,0.006379,0.000000
4,0.005716,0.005716,0.000000
8,0.005807,0.005807,0.000000
16,0.006442,0.006442,0.000000
