threads,total_time,phase1_time,phase2_time
1,229.334176,175.247545,54.086631
2,120.052816,83.176833,36.875983
4,66.817276,39.999214,26.818061
8,41.093164,19.357338,21.735825
16,33.403140,12.837597,20.565543
