threads,total_time,phase1_time,phase2_time
1,137.113906,103.297609,33.816297
2,69.828032,52.033730,17.794302
4,36.324463,26.305439,10.019024
8,21.133050,14.393593,6.739457
16,16.207950,12.129053,4.078898
